date,minutes_urls
2020-01-29,/monetarypolicy/fomcminutes20200129.htm
2019-01-30,/monetarypolicy/fomcminutes20190130.htm
2019-03-20,/monetarypolicy/fomcminutes20190320.htm
2019-05-01,/monetarypolicy/fomcminutes20190501.htm
2019-06-19,/monetarypolicy/fomcminutes20190619.htm
2019-07-31,/monetarypolicy/fomcminutes20190731.htm
2019-09-18,/monetarypolicy/fomcminutes20190918.htm
2019-10-30,/monetarypolicy/fomcminutes20191030.htm
2019-12-11,/monetarypolicy/fomcminutes20191211.htm
2018-01-31,/monetarypolicy/fomcminutes20180131.htm
2018-03-21,/monetarypolicy/fomcminutes20180321.htm
2018-05-02,/monetarypolicy/fomcminutes20180502.htm
2018-06-13,/monetarypolicy/fomcminutes20180613.htm
2018-08-01,/monetarypolicy/fomcminutes20180801.htm
2018-09-26,/monetarypolicy/fomcminutes20180926.htm
2018-11-08,/monetarypolicy/fomcminutes20181108.htm
2018-12-19,/monetarypolicy/fomcminutes20181219.htm
2017-02-01,/monetarypolicy/fomcminutes20170201.htm
2017-03-15,/monetarypolicy/fomcminutes20170315.htm
2017-05-03,/monetarypolicy/fomcminutes20170503.htm
2017-06-14,/monetarypolicy/fomcminutes20170614.htm
2017-07-26,/monetarypolicy/fomcminutes20170726.htm
2017-09-20,/monetarypolicy/fomcminutes20170920.htm
2017-11-01,/monetarypolicy/fomcminutes20171101.htm
2017-12-13,/monetarypolicy/fomcminutes20171213.htm
2016-01-27,/monetarypolicy/fomcminutes20160127.htm
2016-03-16,/monetarypolicy/fomcminutes20160316.htm
2016-04-27,/monetarypolicy/fomcminutes20160427.htm
2016-06-15,/monetarypolicy/fomcminutes20160615.htm
2016-07-27,/monetarypolicy/fomcminutes20160727.htm
2016-09-21,/monetarypolicy/fomcminutes20160921.htm
2016-11-02,/monetarypolicy/fomcminutes20161102.htm
2016-12-14,/monetarypolicy/fomcminutes20161214.htm
2015-01-28,/monetarypolicy/fomcminutes20150128.htm
2015-03-18,/monetarypolicy/fomcminutes20150318.htm
2015-04-29,/monetarypolicy/fomcminutes20150429.htm
2015-06-17,/monetarypolicy/fomcminutes20150617.htm
2015-07-29,/monetarypolicy/fomcminutes20150729.htm
2015-09-17,/monetarypolicy/fomcminutes20150917.htm
2015-10-28,/monetarypolicy/fomcminutes20151028.htm
2015-12-16,/monetarypolicy/fomcminutes20151216.htm
